Gene,Function,Multifunction,Biological Process,Cellular Component,Molecular Function
argI,activator,arginine,GO:0006520 - amino acid metabolic process; GO:0006526 - arginine biosynthetic process; GO:0006591 - ornithine metabolic process; GO:0008152 - metabolic process; GO:0008652 - amino acid biosynthetic process; GO:0019240 - citrulline biosynthetic process; GO:0042450 - arginine biosynthetic process via ornithine,GO:0005737 - cytoplasm; GO:0005829 - cytosol,GO:0003824 - catalytic activity; GO:0004585 - ornithine carbamoyltransferase activity; GO:0016597 - amino acid binding; GO:0016740 - transferase activity; GO:0016743 - carboxyl- or carbamoyltransferase activity; GO:0046872 - metal ion binding
livJ,activator,"isoleucine/valine; leucine; ABC superfamily, periplasmic binding component",GO:0006865 - amino acid transport; GO:0015803 - branched-chain amino acid transport; GO:0015818 - isoleucine transport; GO:0015820 - leucine transport; GO:0015829 - valine transport,"GO:0016020 - membrane; GO:0030288 - outer membrane-bounded periplasmic space; GO:0042597 - periplasmic space; GO:0055052 - ATP-binding cassette (ABC) transporter complex, substrate-binding subunit-containing",
rplO,repressor,translation; ribosomal proteins; ribosomes,GO:0002181 - cytoplasmic translation; GO:0006412 - translation,GO:0005737 - cytoplasm; GO:0005840 - ribosome; GO:0015934 - large ribosomal subunit; GO:0022625 - cytosolic large ribosomal subunit; GO:1990904 - ribonucleoprotein complex,GO:0003723 - RNA binding; GO:0003735 - structural constituent of ribosome; GO:0005515 - protein binding; GO:0019843 - rRNA binding
rplE,repressor,translation; ribosomal proteins; ribosomes,GO:0000027 - ribosomal large subunit assembly; GO:0002181 - cytoplasmic translation; GO:0006412 - translation,GO:0005737 - cytoplasm; GO:0005829 - cytosol; GO:0005840 - ribosome; GO:0022625 - cytosolic large ribosomal subunit; GO:1990904 - ribonucleoprotein complex,GO:0000049 - tRNA binding; GO:0003723 - RNA binding; GO:0003735 - structural constituent of ribosome; GO:0008097 - 5S rRNA binding; GO:0019843 - rRNA binding
rplR,repressor,translation; ribosomal proteins; ribosomes,GO:0002181 - cytoplasmic translation; GO:0006412 - translation,GO:0005737 - cytoplasm; GO:0005829 - cytosol; GO:0005840 - ribosome; GO:0022625 - cytosolic large ribosomal subunit; GO:0043229 - intracellular organelle; GO:1990904 - ribonucleoprotein complex,GO:0003723 - RNA binding; GO:0003735 - structural constituent of ribosome; GO:0008097 - 5S rRNA binding; GO:0019843 - rRNA binding
rpmD,repressor,translation; ribosomal proteins; ribosomes,GO:0000027 - ribosomal large subunit assembly; GO:0002181 - cytoplasmic translation; GO:0006412 - translation,GO:0005737 - cytoplasm; GO:0005829 - cytosol; GO:0005840 - ribosome; GO:0015934 - large ribosomal subunit; GO:0022625 - cytosolic large ribosomal subunit; GO:1990904 - ribonucleoprotein complex,GO:0003735 - structural constituent of ribosome
rpmJ,repressor,translation; ribosomal proteins; ribosomes,GO:0002181 - cytoplasmic translation; GO:0006412 - translation,GO:0005737 - cytoplasm; GO:0005829 - cytosol; GO:0005840 - ribosome; GO:0022625 - cytosolic large ribosomal subunit; GO:0043229 - intracellular organelle; GO:1990904 - ribonucleoprotein complex,GO:0003735 - structural constituent of ribosome
rpsH,repressor,translation; ribosomal proteins; posttranscriptional; ribosomes,GO:0000028 - ribosomal small subunit assembly; GO:0002181 - cytoplasmic translation; GO:0006412 - translation; GO:0006417 - regulation of translation; GO:0043488 - regulation of mRNA stability,GO:0005737 - cytoplasm; GO:0005829 - cytosol; GO:0005840 - ribosome; GO:0022627 - cytosolic small ribosomal subunit; GO:0043229 - intracellular organelle; GO:1990904 - ribonucleoprotein complex,GO:0003723 - RNA binding; GO:0003735 - structural constituent of ribosome; GO:0019843 - rRNA binding
rplN,repressor,translation; ribosomal proteins; ribosomes,GO:0002181 - cytoplasmic translation; GO:0006412 - translation,GO:0005737 - cytoplasm; GO:0005829 - cytosol; GO:0005840 - ribosome; GO:0015934 - large ribosomal subunit; GO:0022625 - cytosolic large ribosomal subunit; GO:1990904 - ribonucleoprotein complex,GO:0003723 - RNA binding; GO:0003735 - structural constituent of ribosome; GO:0005515 - protein binding; GO:0019843 - rRNA binding; GO:0070180 - large ribosomal subunit rRNA binding
secY,repressor,The Type II (General) Secretory Pathway (IISP) Family; membrane,"GO:0006605 - protein targeting; GO:0006616 - SRP-dependent cotranslational protein targeting to membrane, translocation; GO:0006886 - intracellular protein transport; GO:0015031 - protein transport; GO:0032978 - protein insertion into membrane from inner side; GO:0043952 - protein transport by the Sec complex; GO:0065002 - intracellular protein transmembrane transport",GO:0005886 - plasma membrane; GO:0016020 - membrane; GO:0031522 - cell envelope Sec protein transport complex,GO:0005048 - signal sequence binding; GO:0005515 - protein binding; GO:0008320 - protein transmembrane transporter activity; GO:1901612 - cardiolipin binding
rpsE,repressor,translation; ribosomal proteins; ribosomes,GO:0000028 - ribosomal small subunit assembly; GO:0002181 - cytoplasmic translation; GO:0006412 - translation; GO:0046677 - response to antibiotic; GO:1990145 - maintenance of translational fidelity,GO:0005737 - cytoplasm; GO:0005829 - cytosol; GO:0005840 - ribosome; GO:0015935 - small ribosomal subunit; GO:0022627 - cytosolic small ribosomal subunit; GO:0043229 - intracellular organelle; GO:1990904 - ribonucleoprotein complex,GO:0003723 - RNA binding; GO:0003735 - structural constituent of ribosome; GO:0005515 - protein binding; GO:0019843 - rRNA binding
rplF,repressor,translation; ribosomal proteins; ribosomes,GO:0000027 - ribosomal large subunit assembly; GO:0002181 - cytoplasmic translation; GO:0006412 - translation; GO:0046677 - response to antibiotic,GO:0005737 - cytoplasm; GO:0005829 - cytosol; GO:0005840 - ribosome; GO:0022625 - cytosolic large ribosomal subunit; GO:1990904 - ribonucleoprotein complex,GO:0003723 - RNA binding; GO:0003735 - structural constituent of ribosome; GO:0019843 - rRNA binding; GO:0070180 - large ribosomal subunit rRNA binding
rpsN,repressor,translation; ribosomal proteins; ribosomes,GO:0000028 - ribosomal small subunit assembly; GO:0002181 - cytoplasmic translation; GO:0006412 - translation,GO:0005737 - cytoplasm; GO:0005829 - cytosol; GO:0005840 - ribosome; GO:0015935 - small ribosomal subunit; GO:0022627 - cytosolic small ribosomal subunit; GO:0043229 - intracellular organelle; GO:1990904 - ribonucleoprotein complex,GO:0000049 - tRNA binding; GO:0003735 - structural constituent of ribosome; GO:0019843 - rRNA binding
rplX,repressor,translation; ribosomal proteins; ribosomes,GO:0000027 - ribosomal large subunit assembly; GO:0002181 - cytoplasmic translation; GO:0006412 - translation,GO:0005737 - cytoplasm; GO:0005829 - cytosol; GO:0005840 - ribosome; GO:0022625 - cytosolic large ribosomal subunit; GO:1990904 - ribonucleoprotein complex,GO:0003723 - RNA binding; GO:0003735 - structural constituent of ribosome; GO:0005515 - protein binding; GO:0019843 - rRNA binding; GO:0070180 - large ribosomal subunit rRNA binding
rrsA,repressor,"rRNA, stable RNA; translation; ribosomes",,,
rrfA,repressor,"rRNA, stable RNA; translation; ribosomes",,,
rrlA,repressor,"rRNA, stable RNA; translation; ribosomes",,,
alaT,repressor,tRNA,,GO:0005737 - cytoplasm; GO:0005829 - cytosol,GO:0030533 - triplet codon-amino acid adaptor activity
ileT,repressor,tRNA,,GO:0005737 - cytoplasm; GO:0005829 - cytosol,GO:0030533 - triplet codon-amino acid adaptor activity
fis,repressor,"DNA recombination; Transcription related; nucleoproteins, basic proteins; activator; repressor",GO:0006351 - DNA-templated transcription; GO:0006355 - regulation of DNA-templated transcription; GO:0009314 - response to radiation; GO:0032359 - provirus excision; GO:0045892 - negative regulation of DNA-templated transcription; GO:0045893 - positive regulation of DNA-templated transcription; GO:0045911 - positive regulation of DNA recombination; GO:0051276 - chromosome organization,GO:0000786 - nucleosome; GO:0005737 - cytoplasm; GO:0005829 - cytosol; GO:0009295 - nucleoid; GO:0031421 - invertasome; GO:0032993 - protein-DNA complex,"GO:0000976 - transcription cis-regulatory region binding; GO:0001046 - core promoter sequence-specific DNA binding; GO:0001216 - DNA-binding transcription activator activity; GO:0001217 - DNA-binding transcription repressor activity; GO:0003677 - DNA binding; GO:0003700 - DNA-binding transcription factor activity; GO:0005515 - protein binding; GO:0042803 - protein homodimerization activity; GO:0043565 - sequence-specific DNA binding; GO:0044374 - sequence-specific DNA binding, bending"
dusB,repressor,RNA modification,GO:0002943 - tRNA dihydrouridine synthesis; GO:0008033 - tRNA processing; GO:0009314 - response to radiation,GO:0005829 - cytosol,GO:0000049 - tRNA binding; GO:0003723 - RNA binding; GO:0010181 - FMN binding; GO:0016491 - oxidoreductase activity; GO:0017150 - tRNA dihydrouridine synthase activity; GO:0050660 - flavin adenine dinucleotide binding
pcnB,repressor,RNA modification,GO:0006276 - plasmid maintenance; GO:0006378 - mRNA polyadenylation; GO:0006396 - RNA processing; GO:0006397 - mRNA processing; GO:0009451 - RNA modification; GO:0031123 - RNA 3'-end processing; GO:0043633 - polyadenylation-dependent RNA catabolic process; GO:0071047 - polyadenylation-dependent mRNA catabolic process,GO:0005737 - cytoplasm; GO:0005829 - cytosol; GO:0005886 - plasma membrane; GO:0016020 - membrane,GO:0000166 - nucleotide binding; GO:0003723 - RNA binding; GO:0005524 - ATP binding; GO:0016740 - transferase activity; GO:0016779 - nucleotidyltransferase activity; GO:1990817 - poly(A) RNA polymerase activity
folK,repressor,folic acid,GO:0009396 - folic acid-containing compound biosynthetic process; GO:0016310 - phosphorylation; GO:0046654 - tetrahydrofolate biosynthetic process; GO:0046656 - folic acid biosynthetic process,GO:0005829 - cytosol,GO:0000166 - nucleotide binding; GO:0000287 - magnesium ion binding; GO:0003848 - 2-amino-4-hydroxy-6-hydroxymethyldihydropteridine diphosphokinase activity; GO:0005524 - ATP binding; GO:0016301 - kinase activity; GO:0016740 - transferase activity
gluQ,repressor,RNA modification,GO:0002097 - tRNA wobble base modification; GO:0006400 - tRNA modification; GO:0006424 - glutamyl-tRNA aminoacylation; GO:0043039 - tRNA aminoacylation,GO:0005829 - cytosol,GO:0000166 - nucleotide binding; GO:0004812 - aminoacyl-tRNA ligase activity; GO:0004818 - glutamate-tRNA ligase activity; GO:0005524 - ATP binding; GO:0008270 - zinc ion binding; GO:0016874 - ligase activity; GO:0046872 - metal ion binding
dksA,repressor,translation; translation attenuation and efficiency; starvation,GO:0006302 - double-strand break repair; GO:0010468 - regulation of gene expression,GO:0005737 - cytoplasm; GO:0005829 - cytosol,GO:0008270 - zinc ion binding; GO:0046872 - metal ion binding; GO:0097216 - guanosine tetraphosphate binding
rpsJ,repressor,translation; ribosomal proteins; transcriptional level; ribosomes,GO:0002181 - cytoplasmic translation; GO:0006412 - translation; GO:0031564 - transcription antitermination; GO:0032784 - regulation of DNA-templated transcription elongation; GO:0042254 - ribosome biogenesis,GO:0005737 - cytoplasm; GO:0005829 - cytosol; GO:0005840 - ribosome; GO:0008023 - transcription elongation factor complex; GO:0015935 - small ribosomal subunit; GO:0022627 - cytosolic small ribosomal subunit; GO:1990904 - ribonucleoprotein complex,"GO:0000049 - tRNA binding; GO:0001072 - transcription antitermination factor activity, RNA binding; GO:0003723 - RNA binding; GO:0003735 - structural constituent of ribosome; GO:0005515 - protein binding"
rplW,repressor,translation; ribosomal proteins; ribosomes,GO:0000027 - ribosomal large subunit assembly; GO:0002181 - cytoplasmic translation; GO:0006412 - translation,GO:0005737 - cytoplasm; GO:0005829 - cytosol; GO:0005840 - ribosome; GO:0022625 - cytosolic large ribosomal subunit; GO:1990904 - ribonucleoprotein complex,GO:0003723 - RNA binding; GO:0003735 - structural constituent of ribosome; GO:0005515 - protein binding; GO:0019843 - rRNA binding
rplP,repressor,translation; ribosomal proteins; ribosomes,GO:0000027 - ribosomal large subunit assembly; GO:0002181 - cytoplasmic translation; GO:0006412 - translation,GO:0005737 - cytoplasm; GO:0005829 - cytosol; GO:0005840 - ribosome; GO:0022625 - cytosolic large ribosomal subunit; GO:1990904 - ribonucleoprotein complex,GO:0000049 - tRNA binding; GO:0003723 - RNA binding; GO:0003735 - structural constituent of ribosome; GO:0019843 - rRNA binding
rplD,repressor,translation; ribosomal proteins; transcriptional level; translation attenuation and efficiency; operon; ribosomes,GO:0002181 - cytoplasmic translation; GO:0006353 - DNA-templated transcription termination; GO:0006412 - translation; GO:0006417 - regulation of translation; GO:0017148 - negative regulation of translation; GO:0031555 - transcriptional attenuation; GO:0042255 - ribosome assembly; GO:0045892 - negative regulation of DNA-templated transcription; GO:0046677 - response to antibiotic; GO:2000766 - negative regulation of cytoplasmic translation,GO:0005737 - cytoplasm; GO:0005829 - cytosol; GO:0005840 - ribosome; GO:0015934 - large ribosomal subunit; GO:0022625 - cytosolic large ribosomal subunit; GO:1990904 - ribonucleoprotein complex,GO:0001070 - RNA-binding transcription regulator activity; GO:0003677 - DNA binding; GO:0003723 - RNA binding; GO:0003735 - structural constituent of ribosome; GO:0005515 - protein binding; GO:0019843 - rRNA binding; GO:0030371 - translation repressor activity; GO:0048027 - mRNA 5'-UTR binding; GO:0060698 - endoribonuclease inhibitor activity
rpsC,repressor,translation; ribosomal proteins; ribosomes,GO:0000028 - ribosomal small subunit assembly; GO:0002181 - cytoplasmic translation; GO:0006412 - translation,GO:0005737 - cytoplasm; GO:0005829 - cytosol; GO:0005840 - ribosome; GO:0022627 - cytosolic small ribosomal subunit; GO:1990904 - ribonucleoprotein complex,GO:0003676 - nucleic acid binding; GO:0003723 - RNA binding; GO:0003729 - mRNA binding; GO:0003735 - structural constituent of ribosome; GO:0019843 - rRNA binding
rpsS,repressor,translation; ribosomal proteins; ribosomes,GO:0000028 - ribosomal small subunit assembly; GO:0002181 - cytoplasmic translation; GO:0006412 - translation,GO:0005737 - cytoplasm; GO:0005829 - cytosol; GO:0005840 - ribosome; GO:0015935 - small ribosomal subunit; GO:0022627 - cytosolic small ribosomal subunit; GO:0043229 - intracellular organelle; GO:1990904 - ribonucleoprotein complex,GO:0000049 - tRNA binding; GO:0003723 - RNA binding; GO:0003735 - structural constituent of ribosome; GO:0019843 - rRNA binding
rplC,repressor,translation; ribosomal proteins; ribosomes,GO:0000027 - ribosomal large subunit assembly; GO:0002181 - cytoplasmic translation; GO:0006412 - translation,GO:0005737 - cytoplasm; GO:0005829 - cytosol; GO:0005840 - ribosome; GO:0022625 - cytosolic large ribosomal subunit; GO:1990904 - ribonucleoprotein complex,GO:0003723 - RNA binding; GO:0003735 - structural constituent of ribosome; GO:0005515 - protein binding; GO:0019843 - rRNA binding
rplV,repressor,translation; ribosomal proteins; ribosomes,GO:0002181 - cytoplasmic translation; GO:0006412 - translation; GO:0042255 - ribosome assembly; GO:0042256 - cytosolic ribosome assembly; GO:0046677 - response to antibiotic; GO:1902626 - assembly of large subunit precursor of preribosome,GO:0005737 - cytoplasm; GO:0005829 - cytosol; GO:0005840 - ribosome; GO:0015934 - large ribosomal subunit; GO:0022625 - cytosolic large ribosomal subunit; GO:1990904 - ribonucleoprotein complex,GO:0003723 - RNA binding; GO:0003735 - structural constituent of ribosome; GO:0005515 - protein binding; GO:0019843 - rRNA binding; GO:0070180 - large ribosomal subunit rRNA binding
rpsQ,repressor,translation; ribosomal proteins; ribosomes,GO:0000028 - ribosomal small subunit assembly; GO:0002181 - cytoplasmic translation; GO:0006412 - translation; GO:0046677 - response to antibiotic,GO:0005737 - cytoplasm; GO:0005829 - cytosol; GO:0005840 - ribosome; GO:0022627 - cytosolic small ribosomal subunit; GO:1990904 - ribonucleoprotein complex,GO:0003723 - RNA binding; GO:0003735 - structural constituent of ribosome; GO:0008270 - zinc ion binding; GO:0019843 - rRNA binding; GO:0060090 - molecular adaptor activity; GO:0070181 - small ribosomal subunit rRNA binding
rplB,repressor,translation; ribosomal proteins; ribosomes,GO:0000027 - ribosomal large subunit assembly; GO:0002181 - cytoplasmic translation; GO:0006412 - translation; GO:0032297 - negative regulation of DNA-templated DNA replication initiation,GO:0005737 - cytoplasm; GO:0005829 - cytosol; GO:0005840 - ribosome; GO:0015934 - large ribosomal subunit; GO:0022625 - cytosolic large ribosomal subunit; GO:1990082 - DnaA-L2 complex; GO:1990904 - ribonucleoprotein complex,GO:0003723 - RNA binding; GO:0003735 - structural constituent of ribosome; GO:0005515 - protein binding; GO:0008270 - zinc ion binding; GO:0016740 - transferase activity; GO:0019843 - rRNA binding
rpmC,repressor,translation; ribosomal proteins; ribosomes,GO:0000027 - ribosomal large subunit assembly; GO:0002181 - cytoplasmic translation; GO:0006412 - translation,GO:0005737 - cytoplasm; GO:0005829 - cytosol; GO:0005840 - ribosome; GO:0022625 - cytosolic large ribosomal subunit; GO:1990904 - ribonucleoprotein complex,GO:0003723 - RNA binding; GO:0003735 - structural constituent of ribosome; GO:0019843 - rRNA binding
rpoB,repressor,Transcription related,GO:0006351 - DNA-templated transcription; GO:0006352 - DNA-templated transcription initiation; GO:0006879 - intracellular iron ion homeostasis; GO:0009408 - response to heat; GO:0031564 - transcription antitermination; GO:0032784 - regulation of DNA-templated transcription elongation; GO:0036460 - cellular response to cell envelope stress; GO:0042128 - nitrate assimilation; GO:0044780 - bacterial-type flagellum assembly; GO:0046677 - response to antibiotic; GO:0048870 - cell motility; GO:0071973 - bacterial-type flagellum-dependent cell motility; GO:0090605 - submerged biofilm formation; GO:2000142 - regulation of DNA-templated transcription initiation,GO:0000345 - cytosolic DNA-directed RNA polymerase complex; GO:0000428 - DNA-directed RNA polymerase complex; GO:0005737 - cytoplasm; GO:0005829 - cytosol; GO:0008023 - transcription elongation factor complex; GO:0016020 - membrane,GO:0003677 - DNA binding; GO:0003899 - DNA-directed 5'-3' RNA polymerase activity; GO:0005515 - protein binding; GO:0016740 - transferase activity; GO:0016779 - nucleotidyltransferase activity; GO:0032549 - ribonucleoside binding; GO:0034062 - 5'-3' RNA polymerase activity
rplL,repressor,translation; ribosomal proteins; ribosomes,GO:0002181 - cytoplasmic translation; GO:0006412 - translation,GO:0005737 - cytoplasm; GO:0005829 - cytosol; GO:0005840 - ribosome; GO:0015934 - large ribosomal subunit; GO:0022625 - cytosolic large ribosomal subunit; GO:1990904 - ribonucleoprotein complex,GO:0003729 - mRNA binding; GO:0003735 - structural constituent of ribosome; GO:0003924 - GTPase activity; GO:0005515 - protein binding; GO:0042803 - protein homodimerization activity; GO:0043022 - ribosome binding
rplJ,repressor,translation; ribosomal proteins; translation attenuation and efficiency; ribosomes,GO:0002181 - cytoplasmic translation; GO:0006412 - translation; GO:0006417 - regulation of translation; GO:0017148 - negative regulation of translation,GO:0005737 - cytoplasm; GO:0005829 - cytosol; GO:0005840 - ribosome; GO:0015934 - large ribosomal subunit; GO:0022625 - cytosolic large ribosomal subunit; GO:1990904 - ribonucleoprotein complex,GO:0003723 - RNA binding; GO:0003735 - structural constituent of ribosome; GO:0003924 - GTPase activity; GO:0005515 - protein binding; GO:0019843 - rRNA binding; GO:0043022 - ribosome binding; GO:0070180 - large ribosomal subunit rRNA binding
rplK,repressor,translation; ribosomal proteins; ribosomes,GO:0000027 - ribosomal large subunit assembly; GO:0002181 - cytoplasmic translation; GO:0006412 - translation; GO:0006415 - translational termination; GO:0015968 - stringent response,GO:0005737 - cytoplasm; GO:0005829 - cytosol; GO:0005840 - ribosome; GO:0022625 - cytosolic large ribosomal subunit; GO:1990904 - ribonucleoprotein complex,GO:0003723 - RNA binding; GO:0003735 - structural constituent of ribosome; GO:0005515 - protein binding; GO:0019843 - rRNA binding; GO:0070180 - large ribosomal subunit rRNA binding
rpoC,repressor,Transcription related,GO:0006351 - DNA-templated transcription; GO:0006352 - DNA-templated transcription initiation; GO:0006879 - intracellular iron ion homeostasis; GO:0009408 - response to heat; GO:0031564 - transcription antitermination; GO:0032784 - regulation of DNA-templated transcription elongation; GO:0036460 - cellular response to cell envelope stress; GO:0042128 - nitrate assimilation; GO:0044780 - bacterial-type flagellum assembly; GO:0046677 - response to antibiotic; GO:0048870 - cell motility; GO:0071973 - bacterial-type flagellum-dependent cell motility; GO:0090605 - submerged biofilm formation; GO:2000142 - regulation of DNA-templated transcription initiation,GO:0000345 - cytosolic DNA-directed RNA polymerase complex; GO:0000428 - DNA-directed RNA polymerase complex; GO:0005737 - cytoplasm; GO:0005829 - cytosol; GO:0008023 - transcription elongation factor complex; GO:0016020 - membrane,GO:0000287 - magnesium ion binding; GO:0003677 - DNA binding; GO:0003899 - DNA-directed 5'-3' RNA polymerase activity; GO:0005515 - protein binding; GO:0008270 - zinc ion binding; GO:0016740 - transferase activity; GO:0016779 - nucleotidyltransferase activity; GO:0034062 - 5'-3' RNA polymerase activity; GO:0046872 - metal ion binding
rplA,repressor,translation; ribosomal proteins; posttranscriptional; ribosomes,GO:0000027 - ribosomal large subunit assembly; GO:0002181 - cytoplasmic translation; GO:0006412 - translation; GO:0006417 - regulation of translation; GO:0045947 - negative regulation of translational initiation,GO:0005737 - cytoplasm; GO:0005829 - cytosol; GO:0005840 - ribosome; GO:0015934 - large ribosomal subunit; GO:0022625 - cytosolic large ribosomal subunit; GO:1990904 - ribonucleoprotein complex,GO:0000049 - tRNA binding; GO:0003723 - RNA binding; GO:0003735 - structural constituent of ribosome; GO:0005515 - protein binding; GO:0019843 - rRNA binding
rpsM,repressor,translation; ribosomal proteins; ribosomes,GO:0002181 - cytoplasmic translation; GO:0006412 - translation,GO:0005737 - cytoplasm; GO:0005829 - cytosol; GO:0005840 - ribosome; GO:0015935 - small ribosomal subunit; GO:0022627 - cytosolic small ribosomal subunit; GO:1990904 - ribonucleoprotein complex,GO:0000049 - tRNA binding; GO:0003676 - nucleic acid binding; GO:0003723 - RNA binding; GO:0003735 - structural constituent of ribosome; GO:0005515 - protein binding; GO:0019843 - rRNA binding
rpoA,repressor,Transcription related,GO:0006351 - DNA-templated transcription; GO:0006352 - DNA-templated transcription initiation; GO:0006879 - intracellular iron ion homeostasis; GO:0009408 - response to heat; GO:0031564 - transcription antitermination; GO:0032784 - regulation of DNA-templated transcription elongation; GO:0036460 - cellular response to cell envelope stress; GO:0042128 - nitrate assimilation; GO:0044780 - bacterial-type flagellum assembly; GO:0048870 - cell motility; GO:0071973 - bacterial-type flagellum-dependent cell motility; GO:0090605 - submerged biofilm formation; GO:2000142 - regulation of DNA-templated transcription initiation,GO:0000345 - cytosolic DNA-directed RNA polymerase complex; GO:0000428 - DNA-directed RNA polymerase complex; GO:0005737 - cytoplasm; GO:0005829 - cytosol; GO:0008023 - transcription elongation factor complex; GO:0016020 - membrane,GO:0003677 - DNA binding; GO:0003899 - DNA-directed 5'-3' RNA polymerase activity; GO:0005515 - protein binding; GO:0016740 - transferase activity; GO:0016779 - nucleotidyltransferase activity; GO:0034062 - 5'-3' RNA polymerase activity; GO:0046983 - protein dimerization activity
rplQ,repressor,translation; ribosomal proteins; ribosomes,GO:0000027 - ribosomal large subunit assembly; GO:0002181 - cytoplasmic translation; GO:0006412 - translation,GO:0005737 - cytoplasm; GO:0005829 - cytosol; GO:0005840 - ribosome; GO:0022625 - cytosolic large ribosomal subunit; GO:1990904 - ribonucleoprotein complex,GO:0003735 - structural constituent of ribosome; GO:0005515 - protein binding
rpsD,repressor,translation; ribosomal proteins; ribosomes,GO:0000028 - ribosomal small subunit assembly; GO:0002181 - cytoplasmic translation; GO:0006353 - DNA-templated transcription termination; GO:0006412 - translation; GO:0006417 - regulation of translation; GO:0031564 - transcription antitermination; GO:0042254 - ribosome biogenesis; GO:0042274 - ribosomal small subunit biogenesis; GO:0045947 - negative regulation of translational initiation; GO:0046677 - response to antibiotic; GO:1990145 - maintenance of translational fidelity,GO:0005737 - cytoplasm; GO:0005829 - cytosol; GO:0005840 - ribosome; GO:0015935 - small ribosomal subunit; GO:0022627 - cytosolic small ribosomal subunit; GO:1990904 - ribonucleoprotein complex,GO:0000900 - mRNA regulatory element binding translation repressor activity; GO:0003723 - RNA binding; GO:0003735 - structural constituent of ribosome; GO:0005515 - protein binding; GO:0019843 - rRNA binding; GO:0048027 - mRNA 5'-UTR binding
rpsK,repressor,translation; ribosomal proteins; ribosomes,GO:0002181 - cytoplasmic translation; GO:0006412 - translation,GO:0005737 - cytoplasm; GO:0005829 - cytosol; GO:0005840 - ribosome; GO:0022627 - cytosolic small ribosomal subunit; GO:1990904 - ribonucleoprotein complex,GO:0003723 - RNA binding; GO:0003735 - structural constituent of ribosome; GO:0005515 - protein binding; GO:0019843 - rRNA binding; GO:0070181 - small ribosomal subunit rRNA binding
rpsL,repressor,translation; ribosomal proteins; ribosomes,GO:0000372 - Group I intron splicing; GO:0002181 - cytoplasmic translation; GO:0006412 - translation; GO:0033120 - positive regulation of RNA splicing; GO:0034337 - RNA folding; GO:0046677 - response to antibiotic; GO:1990145 - maintenance of translational fidelity,GO:0005737 - cytoplasm; GO:0005829 - cytosol; GO:0005840 - ribosome; GO:0015935 - small ribosomal subunit; GO:0022627 - cytosolic small ribosomal subunit; GO:1990904 - ribonucleoprotein complex,GO:0000049 - tRNA binding; GO:0003723 - RNA binding; GO:0003735 - structural constituent of ribosome; GO:0005515 - protein binding; GO:0019843 - rRNA binding; GO:0034336 - misfolded RNA binding; GO:0140691 - RNA folding chaperone
tufA,repressor,translation; osmotic pressure,GO:0006412 - translation; GO:0006414 - translational elongation; GO:0046677 - response to antibiotic,GO:0005737 - cytoplasm; GO:0005829 - cytosol; GO:0005886 - plasma membrane; GO:0016020 - membrane; GO:0032045 - guanyl-nucleotide exchange factor complex,GO:0000166 - nucleotide binding; GO:0003723 - RNA binding; GO:0003746 - translation elongation factor activity; GO:0003924 - GTPase activity; GO:0005515 - protein binding; GO:0005525 - GTP binding; GO:0097216 - guanosine tetraphosphate binding
fusA,repressor,translation,GO:0006412 - translation; GO:0006414 - translational elongation; GO:0032790 - ribosome disassembly,GO:0005737 - cytoplasm; GO:0005829 - cytosol,GO:0000166 - nucleotide binding; GO:0003746 - translation elongation factor activity; GO:0003924 - GTPase activity; GO:0005525 - GTP binding; GO:0016787 - hydrolase activity; GO:0097216 - guanosine tetraphosphate binding
rpsG,repressor,translation; ribosomal proteins; ribosomes,GO:0000028 - ribosomal small subunit assembly; GO:0002181 - cytoplasmic translation; GO:0006412 - translation; GO:0017148 - negative regulation of translation,GO:0005737 - cytoplasm; GO:0005829 - cytosol; GO:0005840 - ribosome; GO:0015935 - small ribosomal subunit; GO:0016020 - membrane; GO:0022627 - cytosolic small ribosomal subunit; GO:1990904 - ribonucleoprotein complex,GO:0000049 - tRNA binding; GO:0003723 - RNA binding; GO:0003729 - mRNA binding; GO:0003735 - structural constituent of ribosome; GO:0005515 - protein binding; GO:0019843 - rRNA binding
ihfB,repressor,"DNA recombination; Transcription related; nucleoproteins, basic proteins; activator; repressor",GO:0006310 - DNA recombination; GO:0006351 - DNA-templated transcription; GO:0006355 - regulation of DNA-templated transcription; GO:0006417 - regulation of translation,GO:0005694 - chromosome; GO:0005737 - cytoplasm; GO:0005829 - cytosol; GO:1990177 - IHF-DNA complex,GO:0003677 - DNA binding; GO:0030527 - structural constituent of chromatin; GO:0043565 - sequence-specific DNA binding
rpsA,repressor,translation; ribosomal proteins; ribosomes,GO:0000028 - ribosomal small subunit assembly; GO:0002181 - cytoplasmic translation; GO:0006412 - translation; GO:0010501 - RNA secondary structure unwinding; GO:2000766 - negative regulation of cytoplasmic translation; GO:2000767 - positive regulation of cytoplasmic translation,GO:0005737 - cytoplasm; GO:0005840 - ribosome; GO:0016020 - membrane; GO:0022627 - cytosolic small ribosomal subunit; GO:1990904 - ribonucleoprotein complex,GO:0003676 - nucleic acid binding; GO:0003723 - RNA binding; GO:0003727 - single-stranded RNA binding; GO:0003729 - mRNA binding; GO:0003735 - structural constituent of ribosome
rimM,repressor,ribosomal proteins; ribosomes,GO:0000028 - ribosomal small subunit assembly; GO:0006364 - rRNA processing; GO:0030490 - maturation of SSU-rRNA; GO:0042254 - ribosome biogenesis; GO:0042274 - ribosomal small subunit biogenesis,GO:0005737 - cytoplasm; GO:0005829 - cytosol; GO:0005840 - ribosome,GO:0003723 - RNA binding; GO:0005515 - protein binding; GO:0019843 - rRNA binding; GO:0043022 - ribosome binding
rplS,repressor,translation; ribosomal proteins; ribosomes,GO:0000027 - ribosomal large subunit assembly; GO:0002181 - cytoplasmic translation; GO:0006412 - translation,GO:0005737 - cytoplasm; GO:0005829 - cytosol; GO:0005840 - ribosome; GO:0022625 - cytosolic large ribosomal subunit; GO:1990904 - ribonucleoprotein complex,GO:0003723 - RNA binding; GO:0003735 - structural constituent of ribosome; GO:0019843 - rRNA binding; GO:0070180 - large ribosomal subunit rRNA binding
rpsP,repressor,translation; ribosomal proteins; ribosomes,GO:0000028 - ribosomal small subunit assembly; GO:0002181 - cytoplasmic translation; GO:0006259 - DNA metabolic process; GO:0006412 - translation,GO:0005737 - cytoplasm; GO:0005829 - cytosol; GO:0005840 - ribosome; GO:0015935 - small ribosomal subunit; GO:0022627 - cytosolic small ribosomal subunit; GO:0043229 - intracellular organelle; GO:1990904 - ribonucleoprotein complex,GO:0000400 - four-way junction DNA binding; GO:0003735 - structural constituent of ribosome; GO:0004518 - nuclease activity; GO:0004519 - endonuclease activity; GO:0004520 - DNA endonuclease activity; GO:0016787 - hydrolase activity
trmD,repressor,RNA modification,GO:0002939 - tRNA N1-guanine methylation; GO:0006400 - tRNA modification; GO:0008033 - tRNA processing; GO:0030488 - tRNA methylation; GO:0032259 - methylation,GO:0005737 - cytoplasm; GO:0005829 - cytosol,GO:0000287 - magnesium ion binding; GO:0008168 - methyltransferase activity; GO:0016740 - transferase activity; GO:0042802 - identical protein binding; GO:0042803 - protein homodimerization activity; GO:0052906 - tRNA (guanine(37)-N1)-methyltransferase activity
rpsT,repressor,translation; ribosomal proteins; inhibition / activation of enzymes; ribosomes,GO:0000028 - ribosomal small subunit assembly; GO:0002181 - cytoplasmic translation; GO:0006412 - translation,GO:0005737 - cytoplasm; GO:0005829 - cytosol; GO:0005840 - ribosome; GO:0015935 - small ribosomal subunit; GO:0022627 - cytosolic small ribosomal subunit; GO:1990904 - ribonucleoprotein complex,GO:0003723 - RNA binding; GO:0003735 - structural constituent of ribosome; GO:0008073 - ornithine decarboxylase inhibitor activity; GO:0019843 - rRNA binding; GO:0070181 - small ribosomal subunit rRNA binding
pheS,repressor,amino acid -activation,GO:0006412 - translation; GO:0006432 - phenylalanyl-tRNA aminoacylation; GO:0043039 - tRNA aminoacylation,GO:0005737 - cytoplasm; GO:0005829 - cytosol; GO:0009328 - phenylalanine-tRNA ligase complex,GO:0000049 - tRNA binding; GO:0000166 - nucleotide binding; GO:0000287 - magnesium ion binding; GO:0004812 - aminoacyl-tRNA ligase activity; GO:0004826 - phenylalanine-tRNA ligase activity; GO:0005515 - protein binding; GO:0005524 - ATP binding; GO:0016874 - ligase activity; GO:0046872 - metal ion binding
thrS,repressor,amino acid -activation; translation attenuation and efficiency,GO:0006412 - translation; GO:0006417 - regulation of translation; GO:0006418 - tRNA aminoacylation for protein translation; GO:0006435 - threonyl-tRNA aminoacylation; GO:0043039 - tRNA aminoacylation; GO:0045947 - negative regulation of translational initiation; GO:0046677 - response to antibiotic; GO:0106074 - aminoacyl-tRNA metabolism involved in translational fidelity,GO:0005737 - cytoplasm; GO:0005829 - cytosol,GO:0000049 - tRNA binding; GO:0000166 - nucleotide binding; GO:0000900 - mRNA regulatory element binding translation repressor activity; GO:0002161 - aminoacyl-tRNA editing activity; GO:0003723 - RNA binding; GO:0004812 - aminoacyl-tRNA ligase activity; GO:0004829 - threonine-tRNA ligase activity; GO:0005515 - protein binding; GO:0005524 - ATP binding; GO:0008270 - zinc ion binding; GO:0016874 - ligase activity; GO:0042803 - protein homodimerization activity; GO:0046872 - metal ion binding; GO:0048027 - mRNA 5'-UTR binding
infC,repressor,translation,GO:0006412 - translation; GO:0006413 - translational initiation; GO:0009409 - response to cold; GO:0032790 - ribosome disassembly,GO:0005737 - cytoplasm; GO:0005829 - cytosol; GO:0016020 - membrane,GO:0003723 - RNA binding; GO:0003743 - translation initiation factor activity; GO:0005515 - protein binding; GO:0043022 - ribosome binding
pheT,repressor,amino acid -activation,GO:0006412 - translation; GO:0006432 - phenylalanyl-tRNA aminoacylation,GO:0005737 - cytoplasm; GO:0005829 - cytosol; GO:0009328 - phenylalanine-tRNA ligase complex; GO:0016020 - membrane,GO:0000049 - tRNA binding; GO:0000166 - nucleotide binding; GO:0000287 - magnesium ion binding; GO:0003723 - RNA binding; GO:0004812 - aminoacyl-tRNA ligase activity; GO:0004826 - phenylalanine-tRNA ligase activity; GO:0005515 - protein binding; GO:0005524 - ATP binding; GO:0016874 - ligase activity; GO:0042802 - identical protein binding; GO:0046872 - metal ion binding
ihfA,repressor,DNA recombination; Transcription related; activator; repressor,GO:0006310 - DNA recombination; GO:0006351 - DNA-templated transcription; GO:0006355 - regulation of DNA-templated transcription; GO:0006417 - regulation of translation; GO:0045893 - positive regulation of DNA-templated transcription,GO:0005737 - cytoplasm; GO:0005829 - cytosol; GO:0009295 - nucleoid; GO:0032993 - protein-DNA complex; GO:1990177 - IHF-DNA complex,GO:0000976 - transcription cis-regulatory region binding; GO:0001216 - DNA-binding transcription activator activity; GO:0003677 - DNA binding; GO:0030527 - structural constituent of chromatin; GO:0043565 - sequence-specific DNA binding
rpmI,repressor,translation; ribosomal proteins; ribosomes,GO:0002181 - cytoplasmic translation; GO:0006412 - translation,GO:0005737 - cytoplasm; GO:0005829 - cytosol; GO:0005840 - ribosome; GO:0022625 - cytosolic large ribosomal subunit; GO:1990904 - ribonucleoprotein complex,GO:0003735 - structural constituent of ribosome
rplT,repressor,translation; ribosomal proteins; posttranscriptional; ribosomes,GO:0000027 - ribosomal large subunit assembly; GO:0002181 - cytoplasmic translation; GO:0006412 - translation; GO:0017148 - negative regulation of translation,GO:0005737 - cytoplasm; GO:0005829 - cytosol; GO:0005840 - ribosome; GO:0022625 - cytosolic large ribosomal subunit; GO:1990904 - ribonucleoprotein complex,GO:0000900 - mRNA regulatory element binding translation repressor activity; GO:0003723 - RNA binding; GO:0003729 - mRNA binding; GO:0003735 - structural constituent of ribosome; GO:0019843 - rRNA binding; GO:0070180 - large ribosomal subunit rRNA binding
pheM,repressor,amino acid -activation,GO:0006355 - regulation of DNA-templated transcription,GO:0016020 - membrane,
rpoZ,repressor,Transcription related,GO:0006351 - DNA-templated transcription; GO:0006352 - DNA-templated transcription initiation; GO:0006879 - intracellular iron ion homeostasis; GO:0009408 - response to heat; GO:0031564 - transcription antitermination; GO:0032784 - regulation of DNA-templated transcription elongation; GO:0036460 - cellular response to cell envelope stress; GO:0042128 - nitrate assimilation; GO:0044780 - bacterial-type flagellum assembly; GO:0048870 - cell motility; GO:0065003 - protein-containing complex assembly; GO:0071973 - bacterial-type flagellum-dependent cell motility; GO:0090605 - submerged biofilm formation; GO:2000142 - regulation of DNA-templated transcription initiation,GO:0000345 - cytosolic DNA-directed RNA polymerase complex; GO:0000428 - DNA-directed RNA polymerase complex; GO:0005829 - cytosol; GO:0008023 - transcription elongation factor complex; GO:0030880 - RNA polymerase complex,GO:0003677 - DNA binding; GO:0003899 - DNA-directed 5'-3' RNA polymerase activity; GO:0005515 - protein binding; GO:0016740 - transferase activity; GO:0016779 - nucleotidyltransferase activity; GO:0034062 - 5'-3' RNA polymerase activity
recG,repressor,DNA replication,GO:0006281 - DNA repair; GO:0006310 - DNA recombination; GO:0006974 - DNA damage response; GO:0009314 - response to radiation; GO:0032508 - DNA duplex unwinding,GO:0005829 - cytosol; GO:0009379 - Holliday junction helicase complex,GO:0000166 - nucleotide binding; GO:0003676 - nucleic acid binding; GO:0003677 - DNA binding; GO:0003678 - DNA helicase activity; GO:0004386 - helicase activity; GO:0005515 - protein binding; GO:0005524 - ATP binding; GO:0016787 - hydrolase activity; GO:0016887 - ATP hydrolysis activity
spoT,repressor,"nucleotide and nucleoside conversions; proteases, cleavage of compounds; starvation",GO:0015949 - nucleobase-containing small molecule interconversion; GO:0015969 - guanosine tetraphosphate metabolic process; GO:0015970 - guanosine tetraphosphate biosynthetic process; GO:0016310 - phosphorylation; GO:0042594 - response to starvation,GO:0005737 - cytoplasm; GO:0005829 - cytosol; GO:0005886 - plasma membrane,"GO:0005515 - protein binding; GO:0008728 - GTP diphosphokinase activity; GO:0008893 - guanosine-3',5'-bis(diphosphate) 3'-diphosphatase activity; GO:0016301 - kinase activity; GO:0016740 - transferase activity; GO:0016787 - hydrolase activity"
trmH,repressor,RNA modification,GO:0002938 - tRNA guanine ribose methylation; GO:0006396 - RNA processing; GO:0008033 - tRNA processing; GO:0030488 - tRNA methylation; GO:0032259 - methylation,GO:0005829 - cytosol,GO:0000049 - tRNA binding; GO:0003723 - RNA binding; GO:0008168 - methyltransferase activity; GO:0008173 - RNA methyltransferase activity; GO:0016740 - transferase activity; GO:0141100 - tRNA (guanine(18)-2'-O)-methyltransferase activity
rpsU,repressor,translation; ribosomal proteins; ribosomes,GO:0000028 - ribosomal small subunit assembly; GO:0002181 - cytoplasmic translation; GO:0006412 - translation,GO:0005737 - cytoplasm; GO:0005829 - cytosol; GO:0005840 - ribosome; GO:0022627 - cytosolic small ribosomal subunit; GO:1990904 - ribonucleoprotein complex,GO:0003723 - RNA binding; GO:0003735 - structural constituent of ribosome; GO:0019843 - rRNA binding
rpoD,repressor,"Transcription related; sigma factors, anti-sigmafactors; stimulon",GO:0006351 - DNA-templated transcription; GO:0006352 - DNA-templated transcription initiation; GO:0006355 - regulation of DNA-templated transcription; GO:0009408 - response to heat; GO:0010468 - regulation of gene expression; GO:0045892 - negative regulation of DNA-templated transcription; GO:2000142 - regulation of DNA-templated transcription initiation,GO:0000345 - cytosolic DNA-directed RNA polymerase complex; GO:0005737 - cytoplasm; GO:0005829 - cytosol; GO:1903865 - sigma factor antagonist complex,GO:0003677 - DNA binding; GO:0003700 - DNA-binding transcription factor activity; GO:0005515 - protein binding; GO:0016987 - sigma factor activity
dnaG,repressor,DNA replication,"GO:0006260 - DNA replication; GO:0006268 - DNA unwinding involved in DNA replication; GO:0006269 - DNA replication, synthesis of RNA primer; GO:0031297 - replication fork processing",GO:0000428 - DNA-directed RNA polymerase complex; GO:0005737 - cytoplasm; GO:0005829 - cytosol; GO:0030894 - replisome; GO:1990077 - primosome complex; GO:1990156 - DnaB-DnaG complex,GO:0003677 - DNA binding; GO:0003896 - DNA primase activity; GO:0005515 - protein binding; GO:0008270 - zinc ion binding; GO:0016740 - transferase activity; GO:0016779 - nucleotidyltransferase activity; GO:0046872 - metal ion binding
gltU,repressor,tRNA,,GO:0005737 - cytoplasm; GO:0005829 - cytosol,GO:0030533 - triplet codon-amino acid adaptor activity
rrsC,repressor,"rRNA, stable RNA; translation; ribosomes",GO:0006412 - translation,GO:0005737 - cytoplasm; GO:0022627 - cytosolic small ribosomal subunit,
rrfC,repressor,"rRNA, stable RNA; translation; ribosomes",GO:0006412 - translation,GO:0005737 - cytoplasm; GO:0022625 - cytosolic large ribosomal subunit,
rrlC,repressor,"rRNA, stable RNA; translation; ribosomes",GO:0006412 - translation,GO:0005737 - cytoplasm; GO:0022625 - cytosolic large ribosomal subunit,
rrfF,repressor,"rRNA, stable RNA; translation; ribosomes",GO:0006412 - translation,GO:0005737 - cytoplasm; GO:0022625 - cytosolic large ribosomal subunit,
ileU,repressor,tRNA,,GO:0005737 - cytoplasm; GO:0005829 - cytosol,GO:0030533 - triplet codon-amino acid adaptor activity
rrsD,repressor,"rRNA, stable RNA; translation; ribosomes",GO:0006412 - translation,GO:0005737 - cytoplasm; GO:0022627 - cytosolic small ribosomal subunit,
rrlD,repressor,"rRNA, stable RNA; translation; ribosomes",GO:0006412 - translation,GO:0005737 - cytoplasm; GO:0022625 - cytosolic large ribosomal subunit,
thrV,repressor,tRNA,,GO:0005737 - cytoplasm; GO:0005829 - cytosol,GO:0030533 - triplet codon-amino acid adaptor activity
alaU,repressor,tRNA,,GO:0005737 - cytoplasm; GO:0005829 - cytosol,GO:0030533 - triplet codon-amino acid adaptor activity
rrfD,repressor,"rRNA, stable RNA; translation; ribosomes",GO:0006412 - translation,GO:0005737 - cytoplasm; GO:0022625 - cytosolic large ribosomal subunit,
rrsE,repressor,"rRNA, stable RNA; translation; ribosomes",GO:0006412 - translation,GO:0005737 - cytoplasm; GO:0022627 - cytosolic small ribosomal subunit,
rrlE,repressor,"rRNA, stable RNA; translation; ribosomes",GO:0006412 - translation,GO:0005737 - cytoplasm; GO:0022625 - cytosolic large ribosomal subunit,
rrfE,repressor,"rRNA, stable RNA; translation; ribosomes",GO:0006412 - translation,GO:0005737 - cytoplasm; GO:0022625 - cytosolic large ribosomal subunit,
gltV,repressor,tRNA,,GO:0005737 - cytoplasm; GO:0005829 - cytosol,GO:0030533 - triplet codon-amino acid adaptor activity
rrfG,repressor,"rRNA, stable RNA; translation; ribosomes",GO:0006412 - translation,GO:0005737 - cytoplasm; GO:0022625 - cytosolic large ribosomal subunit,
rrsG,repressor,"rRNA, stable RNA; translation; ribosomes",GO:0006412 - translation,GO:0005737 - cytoplasm; GO:0022627 - cytosolic small ribosomal subunit,
gltW,repressor,tRNA,,GO:0005737 - cytoplasm; GO:0005829 - cytosol,GO:0030533 - triplet codon-amino acid adaptor activity
rrlG,repressor,"rRNA, stable RNA; translation; ribosomes",GO:0006412 - translation,GO:0005737 - cytoplasm; GO:0022625 - cytosolic large ribosomal subunit,
rrlH,repressor,"rRNA, stable RNA; translation; ribosomes",GO:0006412 - translation,GO:0005737 - cytoplasm; GO:0022625 - cytosolic large ribosomal subunit,
ileV,repressor,tRNA,,GO:0005737 - cytoplasm; GO:0005829 - cytosol,GO:0030533 - triplet codon-amino acid adaptor activity
rrsH,repressor,"rRNA, stable RNA; translation; ribosomes",GO:0006412 - translation,GO:0005737 - cytoplasm; GO:0022627 - cytosolic small ribosomal subunit,
rrfH,repressor,"rRNA, stable RNA; translation; ribosomes",GO:0006412 - translation,GO:0005737 - cytoplasm; GO:0022625 - cytosolic large ribosomal subunit,
alaV,repressor,tRNA,,GO:0005737 - cytoplasm; GO:0005829 - cytosol,GO:0030533 - triplet codon-amino acid adaptor activity
rrsB,repressor,"rRNA, stable RNA; translation; ribosomes",GO:0006412 - translation,GO:0005737 - cytoplasm; GO:0022627 - cytosolic small ribosomal subunit,
rrlB,repressor,"rRNA, stable RNA; translation; ribosomes",GO:0006412 - translation,GO:0005737 - cytoplasm; GO:0022625 - cytosolic large ribosomal subunit,
gltT,repressor,tRNA,,GO:0005737 - cytoplasm; GO:0005829 - cytosol,GO:0030533 - triplet codon-amino acid adaptor activity
rrfB,repressor,"rRNA, stable RNA; translation; ribosomes",GO:0006412 - translation,GO:0005737 - cytoplasm; GO:0022625 - cytosolic large ribosomal subunit,
thrA,activator,homoserine; lysine,GO:0006520 - amino acid metabolic process; GO:0008152 - metabolic process; GO:0008652 - amino acid biosynthetic process; GO:0009067 - aspartate family amino acid biosynthetic process; GO:0009088 - threonine biosynthetic process; GO:0009089 - lysine biosynthetic process via diaminopimelate; GO:0009090 - homoserine biosynthetic process; GO:0016310 - phosphorylation; GO:0051289 - protein homotetramerization,GO:0005829 - cytosol,GO:0000166 - nucleotide binding; GO:0003824 - catalytic activity; GO:0004072 - aspartate kinase activity; GO:0004412 - homoserine dehydrogenase activity; GO:0005524 - ATP binding; GO:0016301 - kinase activity; GO:0016491 - oxidoreductase activity; GO:0016740 - transferase activity; GO:0042802 - identical protein binding; GO:0050661 - NADP binding
thrB,activator,threonine,GO:0006566 - threonine metabolic process; GO:0008652 - amino acid biosynthetic process; GO:0009088 - threonine biosynthetic process; GO:0016310 - phosphorylation,GO:0005737 - cytoplasm; GO:0005829 - cytosol,GO:0000166 - nucleotide binding; GO:0004413 - homoserine kinase activity; GO:0005524 - ATP binding; GO:0016301 - kinase activity; GO:0016740 - transferase activity
thrL,activator,threonine; regulation,GO:0008652 - amino acid biosynthetic process; GO:0009088 - threonine biosynthetic process; GO:0031554 - regulation of termination of DNA-templated transcription; GO:0031555 - transcriptional attenuation; GO:0031556 - transcriptional attenuation by ribosome,GO:0005829 - cytosol,
thrC,activator,threonine,GO:0006520 - amino acid metabolic process; GO:0008652 - amino acid biosynthetic process; GO:0009071 - serine family amino acid catabolic process; GO:0009088 - threonine biosynthetic process; GO:0016311 - dephosphorylation; GO:0046360 - 2-oxobutyrate biosynthetic process,GO:0005829 - cytosol,GO:0004795 - threonine synthase activity; GO:0016829 - lyase activity; GO:0030170 - pyridoxal phosphate binding
hisB,activator,histidine,GO:0000105 - histidine biosynthetic process; GO:0008152 - metabolic process; GO:0008652 - amino acid biosynthetic process,GO:0005737 - cytoplasm; GO:0005829 - cytosol,GO:0003824 - catalytic activity; GO:0004401 - histidinol-phosphatase activity; GO:0004424 - imidazoleglycerol-phosphate dehydratase activity; GO:0005515 - protein binding; GO:0016787 - hydrolase activity; GO:0016791 - phosphatase activity; GO:0016829 - lyase activity; GO:0042802 - identical protein binding; GO:0046872 - metal ion binding
hisH,activator,histidine,GO:0000105 - histidine biosynthetic process; GO:0006541 - glutamine metabolic process; GO:0008652 - amino acid biosynthetic process,GO:0005737 - cytoplasm; GO:0005829 - cytosol; GO:0009382 - imidazoleglycerol-phosphate synthase complex,GO:0000107 - imidazoleglycerol-phosphate synthase activity; GO:0004359 - glutaminase activity; GO:0005515 - protein binding; GO:0016763 - pentosyltransferase activity; GO:0016787 - hydrolase activity; GO:0016829 - lyase activity
hisI,activator,histidine,GO:0000105 - histidine biosynthetic process; GO:0008152 - metabolic process; GO:0008652 - amino acid biosynthetic process,GO:0005737 - cytoplasm; GO:0005829 - cytosol,GO:0000166 - nucleotide binding; GO:0003824 - catalytic activity; GO:0004635 - phosphoribosyl-AMP cyclohydrolase activity; GO:0004636 - phosphoribosyl-ATP diphosphatase activity; GO:0005524 - ATP binding; GO:0016787 - hydrolase activity
hisD,activator,histidine,GO:0000105 - histidine biosynthetic process; GO:0008652 - amino acid biosynthetic process,GO:0005737 - cytoplasm; GO:0005829 - cytosol,"GO:0004399 - histidinol dehydrogenase activity; GO:0008270 - zinc ion binding; GO:0016491 - oxidoreductase activity; GO:0016616 - oxidoreductase activity, acting on the CH-OH group of donors, NAD or NADP as acceptor; GO:0030145 - manganese ion binding; GO:0046872 - metal ion binding; GO:0051287 - NAD binding"
hisA,activator,histidine,GO:0000105 - histidine biosynthetic process; GO:0000162 - tryptophan biosynthetic process; GO:0006974 - DNA damage response; GO:0008652 - amino acid biosynthetic process,GO:0005737 - cytoplasm; GO:0005829 - cytosol,GO:0003949 - 1-(5-phosphoribosyl)-5-[(5-phosphoribosylamino)methylideneamino]imidazole-4-carboxamide isomerase activity; GO:0016853 - isomerase activity
hisF,activator,histidine,GO:0000105 - histidine biosynthetic process; GO:0008652 - amino acid biosynthetic process,GO:0005737 - cytoplasm; GO:0005829 - cytosol; GO:0009382 - imidazoleglycerol-phosphate synthase complex,GO:0000107 - imidazoleglycerol-phosphate synthase activity; GO:0005515 - protein binding; GO:0016829 - lyase activity
hisG,activator,histidine,GO:0000105 - histidine biosynthetic process; GO:0008652 - amino acid biosynthetic process,GO:0005737 - cytoplasm; GO:0005829 - cytosol,GO:0000166 - nucleotide binding; GO:0000287 - magnesium ion binding; GO:0003879 - ATP phosphoribosyltransferase activity; GO:0005524 - ATP binding; GO:0016740 - transferase activity; GO:0016757 - glycosyltransferase activity; GO:0042803 - protein homodimerization activity; GO:0046872 - metal ion binding
hisC,activator,histidine,GO:0000105 - histidine biosynthetic process; GO:0008652 - amino acid biosynthetic process; GO:0009058 - biosynthetic process,GO:0005829 - cytosol,GO:0004400 - histidinol-phosphate transaminase activity; GO:0008483 - transaminase activity; GO:0016740 - transferase activity; GO:0030170 - pyridoxal phosphate binding; GO:0042802 - identical protein binding
hisL,activator,histidine,GO:0000105 - histidine biosynthetic process; GO:0008652 - amino acid biosynthetic process,GO:0005829 - cytosol,
fabH,repressor,fatty acids and phosphatidic acid,GO:0006629 - lipid metabolic process; GO:0006631 - fatty acid metabolic process; GO:0006633 - fatty acid biosynthetic process; GO:0008152 - metabolic process; GO:0044281 - small molecule metabolic process,GO:0005737 - cytoplasm; GO:0005829 - cytosol,GO:0003824 - catalytic activity; GO:0004315 - 3-oxoacyl-[acyl-carrier-protein] synthase activity; GO:0016740 - transferase activity; GO:0016746 - acyltransferase activity; GO:0033818 - beta-ketoacyl-acyl-carrier-protein synthase III activity; GO:0042803 - protein homodimerization activity
fabG,repressor,fatty acids and phosphatidic acid,GO:0006629 - lipid metabolic process; GO:0006631 - fatty acid metabolic process; GO:0006633 - fatty acid biosynthetic process; GO:0008610 - lipid biosynthetic process; GO:0009102 - biotin biosynthetic process; GO:0030497 - fatty acid elongation,GO:0005829 - cytosol,"GO:0004316 - 3-oxoacyl-[acyl-carrier-protein] reductase (NADPH) activity; GO:0016491 - oxidoreductase activity; GO:0016616 - oxidoreductase activity, acting on the CH-OH group of donors, NAD or NADP as acceptor; GO:0042802 - identical protein binding; GO:0046872 - metal ion binding; GO:0050661 - NADP binding; GO:0051287 - NAD binding"
fabD,repressor,fatty acids and phosphatidic acid,GO:0006629 - lipid metabolic process; GO:0006631 - fatty acid metabolic process; GO:0006633 - fatty acid biosynthetic process,GO:0005829 - cytosol,GO:0004314 - [acyl-carrier-protein] S-malonyltransferase activity; GO:0016419 - S-malonyltransferase activity; GO:0016740 - transferase activity; GO:0016746 - acyltransferase activity
fadR,repressor,fatty acids; Transcription related; activator; repressor; operon; regulon,GO:0006355 - regulation of DNA-templated transcription; GO:0006629 - lipid metabolic process; GO:0006631 - fatty acid metabolic process; GO:0019217 - regulation of fatty acid metabolic process; GO:0045723 - positive regulation of fatty acid biosynthetic process; GO:0045892 - negative regulation of DNA-templated transcription; GO:0045893 - positive regulation of DNA-templated transcription,GO:0005737 - cytoplasm; GO:0005829 - cytosol,GO:0000062 - fatty-acyl-CoA binding; GO:0003677 - DNA binding; GO:0003700 - DNA-binding transcription factor activity; GO:0042803 - protein homodimerization activity
rplY,repressor,translation; ribosomal proteins; ribosomes,GO:0000027 - ribosomal large subunit assembly; GO:0002181 - cytoplasmic translation; GO:0006412 - translation; GO:0009314 - response to radiation; GO:0017148 - negative regulation of translation,GO:0005737 - cytoplasm; GO:0005829 - cytosol; GO:0005840 - ribosome; GO:0022625 - cytosolic large ribosomal subunit; GO:1990904 - ribonucleoprotein complex,GO:0003723 - RNA binding; GO:0003735 - structural constituent of ribosome; GO:0008097 - 5S rRNA binding; GO:0019843 - rRNA binding
rpsI,repressor,translation; ribosomal proteins; ribosomes,GO:0002181 - cytoplasmic translation; GO:0006412 - translation,GO:0005737 - cytoplasm; GO:0005829 - cytosol; GO:0005840 - ribosome; GO:0022627 - cytosolic small ribosomal subunit; GO:0043229 - intracellular organelle; GO:1990904 - ribonucleoprotein complex,GO:0000049 - tRNA binding; GO:0003723 - RNA binding; GO:0003735 - structural constituent of ribosome
rplM,repressor,translation; ribosomal proteins; ribosomes,GO:0002181 - cytoplasmic translation; GO:0006412 - translation; GO:0017148 - negative regulation of translation,GO:0005737 - cytoplasm; GO:0005829 - cytosol; GO:0005840 - ribosome; GO:0022625 - cytosolic large ribosomal subunit; GO:0043229 - intracellular organelle; GO:1990904 - ribonucleoprotein complex,GO:0003729 - mRNA binding; GO:0003735 - structural constituent of ribosome; GO:0008270 - zinc ion binding; GO:0048027 - mRNA 5'-UTR binding; GO:0070180 - large ribosomal subunit rRNA binding
rpmG,repressor,translation; ribosomal proteins; ribosomes,GO:0000027 - ribosomal large subunit assembly; GO:0002181 - cytoplasmic translation; GO:0006412 - translation; GO:0046677 - response to antibiotic,GO:0005737 - cytoplasm; GO:0005829 - cytosol; GO:0005840 - ribosome; GO:0022625 - cytosolic large ribosomal subunit; GO:0043229 - intracellular organelle; GO:1990904 - ribonucleoprotein complex,GO:0000049 - tRNA binding; GO:0003723 - RNA binding; GO:0003735 - structural constituent of ribosome
rpmB,repressor,translation; ribosomal proteins; ribosomes,GO:0000027 - ribosomal large subunit assembly; GO:0002181 - cytoplasmic translation; GO:0006412 - translation,GO:0005737 - cytoplasm; GO:0005829 - cytosol; GO:0005840 - ribosome; GO:0022625 - cytosolic large ribosomal subunit; GO:1990904 - ribonucleoprotein complex,GO:0003723 - RNA binding; GO:0003735 - structural constituent of ribosome; GO:0005515 - protein binding; GO:0019843 - rRNA binding
mutM,repressor,DNA repair,GO:0006281 - DNA repair; GO:0006284 - base-excision repair; GO:0006974 - DNA damage response; GO:0008152 - metabolic process,GO:0005737 - cytoplasm; GO:0005829 - cytosol,"GO:0000703 - oxidized pyrimidine nucleobase lesion DNA N-glycosylase activity; GO:0003676 - nucleic acid binding; GO:0003677 - DNA binding; GO:0003684 - damaged DNA binding; GO:0003824 - catalytic activity; GO:0003906 - DNA-(apurinic or apyrimidinic site) endonuclease activity; GO:0004519 - endonuclease activity; GO:0008270 - zinc ion binding; GO:0008534 - oxidized purine nucleobase lesion DNA N-glycosylase activity; GO:0016787 - hydrolase activity; GO:0016798 - hydrolase activity, acting on glycosyl bonds; GO:0016799 - hydrolase activity, hydrolyzing N-glycosyl compounds; GO:0016829 - lyase activity; GO:0019104 - DNA N-glycosylase activity; GO:0034039 - 8-oxo-7,8-dihydroguanine DNA N-glycosylase activity; GO:0046872 - metal ion binding; GO:0140078 - class I DNA-(apurinic or apyrimidinic site) endonuclease activity"
rplU,repressor,translation; ribosomal proteins; ribosomes,GO:0002181 - cytoplasmic translation; GO:0006412 - translation,GO:0005737 - cytoplasm; GO:0005829 - cytosol; GO:0005840 - ribosome; GO:0022625 - cytosolic large ribosomal subunit; GO:0043229 - intracellular organelle; GO:1990904 - ribonucleoprotein complex,GO:0003723 - RNA binding; GO:0003735 - structural constituent of ribosome; GO:0019843 - rRNA binding
obgE,repressor,unknown; cell division; cell cycle physiology,GO:0000027 - ribosomal large subunit assembly; GO:0007059 - chromosome segregation; GO:0022611 - dormancy process; GO:0042254 - ribosome biogenesis; GO:0042255 - ribosome assembly; GO:0090071 - negative regulation of ribosome biogenesis,GO:0005737 - cytoplasm; GO:0005829 - cytosol,GO:0000166 - nucleotide binding; GO:0000287 - magnesium ion binding; GO:0003677 - DNA binding; GO:0003723 - RNA binding; GO:0003924 - GTPase activity; GO:0005515 - protein binding; GO:0005525 - GTP binding; GO:0016787 - hydrolase activity; GO:0017111 - ribonucleoside triphosphate phosphatase activity; GO:0019003 - GDP binding; GO:0019843 - rRNA binding; GO:0032561 - guanyl ribonucleotide binding; GO:0043023 - ribosomal large subunit binding; GO:0046872 - metal ion binding; GO:0070180 - large ribosomal subunit rRNA binding; GO:0097216 - guanosine tetraphosphate binding
yhbE,repressor,membrane,,GO:0005886 - plasma membrane; GO:0016020 - membrane,
rpmA,repressor,translation; ribosomal proteins; ribosomes,GO:0000027 - ribosomal large subunit assembly; GO:0001558 - regulation of cell growth; GO:0002181 - cytoplasmic translation; GO:0006412 - translation; GO:0042256 - cytosolic ribosome assembly; GO:0090070 - positive regulation of ribosome biogenesis; GO:1902626 - assembly of large subunit precursor of preribosome,GO:0005737 - cytoplasm; GO:0005829 - cytosol; GO:0005840 - ribosome; GO:0022625 - cytosolic large ribosomal subunit; GO:1990904 - ribonucleoprotein complex,GO:0000049 - tRNA binding; GO:0003723 - RNA binding; GO:0003735 - structural constituent of ribosome; GO:0005515 - protein binding; GO:0019843 - rRNA binding; GO:0043022 - ribosome binding
fimB,activator,"fimbri, pili; DNA recombination; DNA structure level; operon; pilus",GO:0006310 - DNA recombination; GO:0006974 - DNA damage response; GO:0015074 - DNA integration,GO:0005829 - cytosol,GO:0003677 - DNA binding
csrB,activator,RNA degradation; posttranscriptional,GO:1900192 - positive regulation of single-species biofilm formation; GO:1902201 - negative regulation of bacterial-type flagellum-dependent cell motility; GO:1904572 - negative regulation of mRNA binding,,GO:0005515 - protein binding
csrC,activator,RNA related,GO:1900192 - positive regulation of single-species biofilm formation; GO:1902201 - negative regulation of bacterial-type flagellum-dependent cell motility; GO:1904572 - negative regulation of mRNA binding,,GO:0005515 - protein binding
rseB,activator,"Transcription related; sigma factors, anti-sigmafactors; starvation; other (mechanical, nutritional, oxidative stress)",GO:0032885 - regulation of polysaccharide biosynthetic process; GO:0045892 - negative regulation of DNA-templated transcription; GO:0050821 - protein stabilization,GO:0005886 - plasma membrane; GO:0030288 - outer membrane-bounded periplasmic space; GO:0042597 - periplasmic space; GO:1903865 - sigma factor antagonist complex,GO:0005515 - protein binding; GO:0008289 - lipid binding; GO:0042802 - identical protein binding; GO:0045152 - antisigma factor binding
rseC,activator,"Transcription related; sigma factors, anti-sigmafactors; starvation; other (mechanical, nutritional, oxidative stress); membrane",GO:0006979 - response to oxidative stress; GO:0051090 - regulation of DNA-binding transcription factor activity,GO:0005886 - plasma membrane; GO:0016020 - membrane; GO:0098797 - plasma membrane protein complex; GO:1990204 - oxidoreductase complex,"GO:0016651 - oxidoreductase activity, acting on NAD(P)H"
rseA,activator,"Transcription related; sigma factors, anti-sigmafactors; temperature extremes; other (mechanical, nutritional, oxidative stress)",GO:0006950 - response to stress; GO:0045892 - negative regulation of DNA-templated transcription,GO:0005886 - plasma membrane; GO:0016020 - membrane; GO:1903865 - sigma factor antagonist complex,GO:0005515 - protein binding; GO:0016989 - sigma factor antagonist activity; GO:0060090 - molecular adaptor activity
rybB,activator,RNA related,GO:0006950 - response to stress; GO:0035194 - regulatory ncRNA-mediated post-transcriptional gene silencing; GO:0043488 - regulation of mRNA stability; GO:1900191 - negative regulation of single-species biofilm formation,,GO:0003729 - mRNA binding; GO:0005515 - protein binding; GO:0048027 - mRNA 5'-UTR binding; GO:0061980 - regulatory RNA binding
leuT,dual,tRNA,,GO:0005737 - cytoplasm; GO:0005829 - cytosol,GO:0030533 - triplet codon-amino acid adaptor activity
proM,dual,tRNA,,GO:0005737 - cytoplasm; GO:0005829 - cytosol,GO:0030533 - triplet codon-amino acid adaptor activity
argX,dual,tRNA,,GO:0005737 - cytoplasm; GO:0005829 - cytosol,GO:0030533 - triplet codon-amino acid adaptor activity
hisR,dual,tRNA,,GO:0005737 - cytoplasm; GO:0005829 - cytosol,GO:0030533 - triplet codon-amino acid adaptor activity
iraP,activator,posttranscriptional; adaptations,GO:0009267 - cellular response to starvation; GO:0016036 - cellular response to phosphate starvation; GO:0042177 - negative regulation of protein catabolic process; GO:0045893 - positive regulation of DNA-templated transcription,GO:0005737 - cytoplasm; GO:0005829 - cytosol,GO:0005515 - protein binding; GO:0043856 - anti-sigma factor antagonist activity
dsrA,activator,"antisense RNA; translation; antisense RNA; surface antigens (ECA, O antigen of LPS)",GO:1900191 - negative regulation of single-species biofilm formation; GO:1902201 - negative regulation of bacterial-type flagellum-dependent cell motility,,
rpoS,activator,"sigma factors, anti-sigmafactors",GO:0006351 - DNA-templated transcription; GO:0006352 - DNA-templated transcription initiation; GO:0006355 - regulation of DNA-templated transcription; GO:0006950 - response to stress; GO:0010468 - regulation of gene expression; GO:0045892 - negative regulation of DNA-templated transcription; GO:2000142 - regulation of DNA-templated transcription initiation,GO:0000345 - cytosolic DNA-directed RNA polymerase complex; GO:0005737 - cytoplasm; GO:0005829 - cytosol; GO:1903865 - sigma factor antagonist complex,GO:0001000 - bacterial-type RNA polymerase core enzyme binding; GO:0003677 - DNA binding; GO:0003700 - DNA-binding transcription factor activity; GO:0005515 - protein binding; GO:0016987 - sigma factor activity
rpoE,activator,"Transcription related; sigma factors, anti-sigmafactors; stimulon; temperature extremes; other (mechanical, nutritional, oxidative stress)",GO:0006351 - DNA-templated transcription; GO:0006352 - DNA-templated transcription initiation; GO:0006355 - regulation of DNA-templated transcription; GO:0006970 - response to osmotic stress; GO:0009266 - response to temperature stimulus; GO:0036460 - cellular response to cell envelope stress; GO:0045892 - negative regulation of DNA-templated transcription; GO:0090605 - submerged biofilm formation; GO:2000142 - regulation of DNA-templated transcription initiation,GO:0000345 - cytosolic DNA-directed RNA polymerase complex; GO:0005737 - cytoplasm; GO:0005886 - plasma membrane; GO:1903865 - sigma factor antagonist complex,GO:0003677 - DNA binding; GO:0003700 - DNA-binding transcription factor activity; GO:0005515 - protein binding; GO:0016987 - sigma factor activity
hlyE,activator,cell killing,GO:0031640 - killing of cells of another organism; GO:0044179 - hemolysis in another organism; GO:0044532 - modulation of apoptotic process in another organism,GO:0005576 - extracellular region; GO:0016020 - membrane; GO:0020002 - host cell plasma membrane; GO:0033644 - host cell membrane; GO:0042597 - periplasmic space,GO:0042802 - identical protein binding; GO:0090729 - toxin activity
idlP,repressor,,GO:0006417 - regulation of translation,,
ytiD,repressor,,,,
ytiC,repressor,,,GO:0005886 - plasma membrane; GO:0016020 - membrane,
iraD,repressor,"posttranscriptional; other (mechanical, nutritional, oxidative stress)",GO:0006974 - DNA damage response; GO:0034599 - cellular response to oxidative stress; GO:0042177 - negative regulation of protein catabolic process; GO:0045893 - positive regulation of DNA-templated transcription,GO:0005737 - cytoplasm,GO:0005515 - protein binding; GO:0043856 - anti-sigma factor antagonist activity
talA,activator,"non-oxidative branch, pentose pathway",GO:0005975 - carbohydrate metabolic process; GO:0006098 - pentose-phosphate shunt,GO:0005737 - cytoplasm; GO:0005829 - cytosol,GO:0004801 - transaldolase activity; GO:0016740 - transferase activity
tktB,activator,"carbon compounds; non-oxidative branch, pentose pathway","GO:0006098 - pentose-phosphate shunt; GO:0009052 - pentose-phosphate shunt, non-oxidative branch",GO:0005829 - cytosol,GO:0003824 - catalytic activity; GO:0004802 - transketolase activity; GO:0016740 - transferase activity; GO:0016744 - transketolase or transaldolase activity; GO:0046872 - metal ion binding
csrA,activator,"carbon compounds; glycolysis; cytoplasmic polysaccharides; central intermediary metabolism; RNA degradation; translation attenuation and efficiency; global; motility, chemotaxis, energytaxis (aerotaxis, redoxtaxis etc)",GO:0006109 - regulation of carbohydrate metabolic process; GO:0006402 - mRNA catabolic process; GO:0006417 - regulation of translation; GO:0017148 - negative regulation of translation; GO:0045947 - negative regulation of translational initiation; GO:0045948 - positive regulation of translational initiation; GO:0048255 - mRNA stabilization,GO:0005737 - cytoplasm; GO:0005829 - cytosol,GO:0003723 - RNA binding; GO:0048027 - mRNA 5'-UTR binding
sroA,activator,RNA related,,,
sgrR,activator,activator; repressor,GO:0015833 - peptide transport; GO:0045892 - negative regulation of DNA-templated transcription; GO:0045893 - positive regulation of DNA-templated transcription,GO:0005829 - cytosol; GO:0030288 - outer membrane-bounded periplasmic space,GO:0000976 - transcription cis-regulatory region binding; GO:0003677 - DNA binding; GO:1904680 - peptide transmembrane transporter activity
thiB,activator,"thiamin; ABC superfamily, periplasmic binding component",GO:0015888 - thiamine transport; GO:0055085 - transmembrane transport; GO:0071702 - organic substance transport; GO:0071934 - thiamine transmembrane transport,"GO:0016020 - membrane; GO:0030288 - outer membrane-bounded periplasmic space; GO:0042597 - periplasmic space; GO:0055052 - ATP-binding cassette (ABC) transporter complex, substrate-binding subunit-containing",GO:0030975 - thiamine binding; GO:0030976 - thiamine pyrophosphate binding
thiQ,activator,thiamin; ABC superfamily ATP binding cytoplasmic component,GO:0071934 - thiamine transmembrane transport,"GO:0005886 - plasma membrane; GO:0016020 - membrane; GO:0043190 - ATP-binding cassette (ABC) transporter complex; GO:0055052 - ATP-binding cassette (ABC) transporter complex, substrate-binding subunit-containing",GO:0000166 - nucleotide binding; GO:0005524 - ATP binding; GO:0015234 - thiamine transmembrane transporter activity; GO:0016887 - ATP hydrolysis activity; GO:0042626 - ATPase-coupled transmembrane transporter activity; GO:0048502 - ABC-type thiamine transporter activity
thiP,activator,"thiamin; ABC superfamily, membrane component; membrane",GO:0015888 - thiamine transport; GO:0055085 - transmembrane transport; GO:0071934 - thiamine transmembrane transport,"GO:0005886 - plasma membrane; GO:0016020 - membrane; GO:0043190 - ATP-binding cassette (ABC) transporter complex; GO:0055052 - ATP-binding cassette (ABC) transporter complex, substrate-binding subunit-containing",GO:0015234 - thiamine transmembrane transporter activity; GO:0022857 - transmembrane transporter activity
hmp,activator,unassigned reversible reactions,GO:0009636 - response to toxic substance; GO:0015671 - oxygen transport; GO:0046210 - nitric oxide catabolic process; GO:0051409 - response to nitrosative stress; GO:0071500 - cellular response to nitrosative stress,GO:0005737 - cytoplasm; GO:0005829 - cytosol; GO:0030288 - outer membrane-bounded periplasmic space,GO:0005344 - oxygen carrier activity; GO:0005504 - fatty acid binding; GO:0008941 - nitric oxide dioxygenase NAD(P)H activity; GO:0016491 - oxidoreductase activity; GO:0019825 - oxygen binding; GO:0020037 - heme binding; GO:0032843 - hydroperoxide reductase activity; GO:0046872 - metal ion binding; GO:0071949 - FAD binding
setA,activator,"Electrochemical potential driven transporters; other (mechanical, nutritional, oxidative stress); membrane",GO:0008643 - carbohydrate transport; GO:0015767 - lactose transport; GO:0034219 - carbohydrate transmembrane transport; GO:0036448 - cellular response to glucose-phosphate stress; GO:0055085 - transmembrane transport; GO:0071702 - organic substance transport; GO:1902600 - proton transmembrane transport; GO:1904659 - glucose transmembrane transport,GO:0005886 - plasma membrane; GO:0016020 - membrane,GO:0005351 - carbohydrate:proton symporter activity; GO:0022857 - transmembrane transporter activity
sgrT,activator,inhibition / activation of enzymes,GO:0009401 - phosphoenolpyruvate-dependent sugar phosphotransferase system; GO:0046325 - negative regulation of glucose import; GO:0071702 - organic substance transport,,GO:0004857 - enzyme inhibitor activity; GO:0005515 - protein binding
sgrS,activator,antisense RNA,"GO:0006950 - response to stress; GO:0040033 - sRNA-mediated post-transcriptional gene silencing; GO:0045975 - positive regulation of translation, ncRNA-mediated; GO:1900192 - positive regulation of single-species biofilm formation; GO:1902201 - negative regulation of bacterial-type flagellum-dependent cell motility",,GO:0003729 - mRNA binding; GO:0005515 - protein binding
isrC,activator,RNA related,,,
flu,activator,prophage genes and phage related functions,,GO:0005576 - extracellular region; GO:0009279 - cell outer membrane; GO:0009986 - cell surface; GO:0016020 - membrane; GO:0042597 - periplasmic space,